algorithm,seed,episode,window_index,window_start_step,window_end_step,arm_id,arm_name,window_cumulative_reward,window_cumulative_profit,window_mean_fish_stock,window_min_fish_stock,window_collapse_flag,window_time_to_collapse,end_ships,end_fish_population
epsilon_greedy,0,0,0,0,9,11,strong_marine_reserve,9.792141478367618,2535.374790314274,870.8120025664012,750.1462119556977,0,,1.6231724943666623,750.1462119556977
ucb1,0,0,0,0,9,11,strong_marine_reserve,9.792141478367618,2535.374790314274,870.8120025664012,750.1462119556977,0,,1.6231724943666623,750.1462119556977
softmax,0,0,0,0,9,11,strong_marine_reserve,9.792141478367618,2535.374790314274,870.8120025664012,750.1462119556977,0,,1.6231724943666623,750.1462119556977
pac_successive_elimination,0,0,0,0,9,1,baseline_laissez_faire,10.490521369403732,3448.0349987194627,845.0983644821124,685.0617923614428,0,,2.0946658360156425,685.0617923614428
epsilon_greedy,0,0,1,10,19,5,hard_capacity_control,8.477824768140737,4112.878671603311,523.793531584491,316.05665030206364,0,,2.579618925738808,316.05665030206364
ucb1,0,0,1,10,19,5,hard_capacity_control,8.477824768140737,4112.878671603311,523.793531584491,316.05665030206364,0,,2.579618925738808,316.05665030206364
softmax,0,0,1,10,19,5,hard_capacity_control,8.477824768140737,4112.878671603311,523.793531584491,316.05665030206364,0,,2.579618925738808,316.05665030206364
pac_successive_elimination,0,0,1,10,19,3,moderate_taxation,7.306302087564786,3684.756760534129,434.58543924367876,251.25320581226075,0,,2.090642867383461,251.25320581226075
epsilon_greedy,0,0,2,20,29,7,weak_capacity_control,-9.110390279053906,-590.1033349913797,177.5655667124967,118.89015826889568,1,9,1.1821808523338009,118.89015826889568
ucb1,0,0,2,20,29,7,weak_capacity_control,-9.110390279053906,-590.1033349913797,177.5655667124967,118.89015826889568,1,9,1.1821808523338009,118.89015826889568
softmax,0,0,2,20,29,7,weak_capacity_control,-9.110390279053906,-590.1033349913797,177.5655667124967,118.89015826889568,1,9,1.1821808523338009,118.89015826889568
pac_successive_elimination,0,0,2,20,29,4,high_taxation,0.5183692522472306,-842.2073758300155,163.26919536926954,123.70648739551876,0,,0.8815022449630269,123.70648739551876
epsilon_greedy,0,0,3,30,39,1,baseline_laissez_faire,-100.41797436397944,-1217.0430546238945,95.88824287733519,84.40490608300503,1,0,0.495220155225351,84.40490608300503
ucb1,0,0,3,30,39,1,baseline_laissez_faire,-100.41797436397944,-1217.0430546238945,95.88824287733519,84.40490608300503,1,0,0.495220155225351,84.40490608300503
softmax,0,0,3,30,39,1,baseline_laissez_faire,-100.41797436397944,-1217.0430546238945,95.88824287733519,84.40490608300503,1,0,0.495220155225351,84.40490608300503
pac_successive_elimination,0,0,3,30,39,5,hard_capacity_control,-99.96205765785585,-849.0843091641246,106.4431981569922,97.78007494828263,1,0,0.36926471759400875,97.78007494828263
epsilon_greedy,0,0,4,40,49,4,high_taxation,-99.92601118600132,-585.3879778316903,79.12521501964461,76.71386602353644,1,0,0.20744964838271113,76.71386602353644
ucb1,0,0,4,40,49,4,high_taxation,-99.92601118600132,-585.3879778316903,79.12521501964461,76.71386602353644,1,0,0.20744964838271113,76.71386602353644
softmax,0,0,4,40,49,4,high_taxation,-99.92601118600132,-585.3879778316903,79.12521501964461,76.71386602353644,1,0,0.20744964838271113,76.71386602353644
pac_successive_elimination,0,0,4,40,49,7,weak_capacity_control,-99.61394547597318,-398.9317990853771,94.19835877346286,92.88818246655615,1,0,0.15468642585873654,92.88818246655615
epsilon_greedy,0,0,5,50,59,10,moderate_marine_reserve,-99.63287857609372,-277.97969273597977,77.41213399707186,76.71299716802845,1,0,0.08690146424780947,78.52975220988013
ucb1,0,0,5,50,59,10,moderate_marine_reserve,-99.63287857609372,-277.97969273597977,77.41213399707186,76.71299716802845,1,0,0.08690146424780947,78.52975220988013
softmax,0,0,5,50,59,10,moderate_marine_reserve,-99.63287857609372,-277.97969273597977,77.41213399707186,76.71299716802845,1,0,0.08690146424780947,78.52975220988013
pac_successive_elimination,0,0,5,50,59,10,moderate_marine_reserve,-99.40584140437026,-193.65773782414095,94.5379600144631,93.07029491480951,1,0,0.06479874519519657,96.3975378597746
epsilon_greedy,0,0,6,60,69,3,moderate_taxation,-99.43286358698333,-103.14178798058359,80.4333841196731,78.79849720358848,1,0,0.03640336123627133,82.32958438475279
ucb1,0,0,6,60,69,3,moderate_taxation,-99.43286358698333,-103.14178798058359,80.4333841196731,78.79849720358848,1,0,0.03640336123627133,82.32958438475279
softmax,0,0,6,60,69,3,moderate_taxation,-99.43286358698333,-103.14178798058359,80.4333841196731,78.79849720358848,1,0,0.03640336123627133,82.32958438475279
pac_successive_elimination,0,0,6,60,69,11,strong_marine_reserve,-99.25484401671116,-86.20851346646992,99.76373961063827,96.95817360140698,1,0,0.027144446292310928,102.75087723270701
epsilon_greedy,0,0,7,70,79,11,strong_marine_reserve,-99.33790050696508,-50.590049516746475,85.52274510619804,82.87901870140308,1,0,0.015249509553941346,88.28030266419307
ucb1,0,0,7,70,79,11,strong_marine_reserve,-99.33790050696508,-50.590049516746475,85.52274510619804,82.87901870140308,1,0,0.015249509553941346,88.28030266419307
softmax,0,0,7,70,79,11,strong_marine_reserve,-99.33790050696508,-50.590049516746475,85.52274510619804,82.87901870140308,1,0,0.015249509553941346,88.28030266419307
pac_successive_elimination,0,0,7,70,79,1,baseline_laissez_faire,-99.13890797657619,-27.292670317211684,106.60616324892311,103.40818054805,1,0,0.01137091408632357,109.9617837825349
epsilon_greedy,0,0,8,80,89,5,hard_capacity_control,-99.25165350099708,-16.938340869839507,91.8341807847332,88.89833020409596,1,0,0.006388078840479273,94.87498115454673
ucb1,0,0,8,80,89,5,hard_capacity_control,-99.25165350099708,-16.938340869839507,91.8341807847332,88.89833020409596,1,0,0.006388078840479273,94.87498115454673
softmax,0,0,8,80,89,5,hard_capacity_control,-99.25165350099708,-16.938340869839507,91.8341807847332,88.89833020409596,1,0,0.006388078840479273,94.87498115454673
pac_successive_elimination,0,0,8,80,89,3,moderate_taxation,-99.05680515120808,-10.775922054862603,114.47649250161435,110.75147613375808,1,0,0.004763320119562626,118.31958340245376
epsilon_greedy,0,0,9,90,99,7,weak_capacity_control,-99.18276509195469,-6.7871588366287305,98.88264802583322,95.58095203871821,1,0,0.0026759910623900696,102.2725195939485
ucb1,0,0,9,90,99,7,weak_capacity_control,-99.18276509195469,-6.7871588366287305,98.88264802583322,95.58095203871821,1,0,0.0026759910623900696,102.2725195939485
softmax,0,0,9,90,99,7,weak_capacity_control,-99.18276509195469,-6.7871588366287305,98.88264802583322,95.58095203871821,1,0,0.0026759910623900696,102.2725195939485
pac_successive_elimination,0,0,9,90,99,4,high_taxation,-8.976263807111083,-4.201346870471051,123.35250477112646,119.20811426730057,1,0,0.0019953733173236885,127.60108023224724
epsilon_greedy,0,0,10,100,109,11,strong_marine_reserve,-99.11430741337455,-3.4859539636496613,106.70142487069262,103.05767664122041,1,0,0.0011209830599796225,110.42594177988168
ucb1,0,0,10,100,109,11,strong_marine_reserve,-99.11430741337455,-3.4859539636496613,106.70142487069262,103.05767664122041,1,0,0.0011209830599796225,110.42594177988168
softmax,0,0,10,100,109,11,strong_marine_reserve,-99.11430741337455,-3.4859539636496613,106.70142487069262,103.05767664122041,1,0,0.0011209830599796225,110.42594177988168
pac_successive_elimination,0,0,10,100,109,5,hard_capacity_control,1.1076059397244058,-1.615582605952471,133.106582679643,128.57663358915298,0,,0.0008358696404080706,137.73843866308047
epsilon_greedy,0,0,11,110,119,5,hard_capacity_control,-99.04091027271251,-1.0567441991993751,115.21757657840318,111.27594730911825,1,0,0.0004695841620782316,119.24475746725604
ucb1,0,0,11,110,119,5,hard_capacity_control,-99.04091027271251,-1.0567441991993751,115.21757657840318,111.27594730911825,1,0,0.0004695841620782316,119.24475746725604
softmax,0,0,11,110,119,5,hard_capacity_control,-99.04091027271251,-1.0567441991993751,115.21757657840318,111.27594730911825,1,0,0.0004695841620782316,119.24475746725604
pac_successive_elimination,0,0,11,110,119,7,weak_capacity_control,1.1970105939050113,-0.6109207654750932,143.71458176045834,138.79901078907986,0,,0.0003501490421316374,148.73530135201835
epsilon_greedy,0,1,0,0,9,7,weak_capacity_control,10.490521369403732,3448.0349987194627,845.0983644821124,685.0617923614428,0,,2.0946658360156425,685.0617923614428
ucb1,0,1,0,0,9,7,weak_capacity_control,10.490521369403732,3448.0349987194627,845.0983644821124,685.0617923614428,0,,2.0946658360156425,685.0617923614428
softmax,0,1,0,0,9,7,weak_capacity_control,10.490521369403732,3448.0349987194627,845.0983644821124,685.0617923614428,0,,2.0946658360156425,685.0617923614428
pac_successive_elimination,0,1,0,0,9,10,moderate_marine_reserve,10.141336477120525,2989.221945950384,858.253743740417,717.9373143653968,0,,1.8586333167843792,717.9373143653968
epsilon_greedy,0,1,1,10,19,7,weak_capacity_control,7.172915297017182,3721.5387171817497,414.165189580252,210.99693960739452,0,,2.433656061354898,210.99693960739452
ucb1,0,1,1,10,19,7,weak_capacity_control,7.172915297017182,3721.5387171817497,414.165189580252,210.99693960739452,0,,2.433656061354898,210.99693960739452
softmax,0,1,1,10,19,7,weak_capacity_control,7.172915297017182,3721.5387171817497,414.165189580252,210.99693960739452,0,,2.433656061354898,210.99693960739452
pac_successive_elimination,0,1,1,10,19,11,strong_marine_reserve,6.483554683924766,1955.6407571935695,543.3496712077435,424.21809979929606,0,,1.587311859591302,424.21809979929606
epsilon_greedy,0,1,2,20,29,7,weak_capacity_control,-50.58587411208708,-1652.3190888752126,127.9733972145757,92.3055313030015,1,5,1.0194679858754725,92.3055313030015
ucb1,0,1,2,20,29,7,weak_capacity_control,-50.58587411208708,-1652.3190888752126,127.9733972145757,92.3055313030015,1,5,1.0194679858754725,92.3055313030015
softmax,0,1,2,20,29,7,weak_capacity_control,-50.58587411208708,-1652.3190888752126,127.9733972145757,92.3055313030015,1,5,1.0194679858754725,92.3055313030015
pac_successive_elimination,0,1,2,20,29,1,baseline_laissez_faire,3.47299757189261,1094.9615407985327,285.3643237312893,204.13018393378988,0,,1.0865855213269806,204.13018393378988
epsilon_greedy,0,1,3,30,39,11,strong_marine_reserve,-100.70539792766372,-1408.5079395189,84.37320142261937,80.5121429480269,1,0,0.42705910285711063,80.5121429480269
ucb1,0,1,3,30,39,7,weak_capacity_control,-100.55626119379933,-1199.919120068375,77.23895115228476,69.61524112997978,1,0,0.42705910285711063,69.61524112997978
softmax,0,1,3,30,39,7,weak_capacity_control,-100.55626119379933,-1199.919120068375,77.23895115228476,69.61524112997978,1,0,0.42705910285711063,69.61524112997978
pac_successive_elimination,0,1,3,30,39,3,moderate_taxation,0.8813439175970361,-509.22045919473544,166.8677252150126,148.2063821349172,0,,0.45517489940297945,148.2063821349172
epsilon_greedy,0,1,4,40,49,7,weak_capacity_control,-99.87510828716879,-513.4427103907245,76.60013078663175,74.95327320243389,1,0,0.17889671854334988,74.95327320243389
ucb1,0,1,4,40,49,7,weak_capacity_control,-99.99275753515425,-544.7100541464667,66.23430227906685,64.81157573410937,1,0,0.17889671854334988,64.81157573410937
softmax,0,1,4,40,49,7,weak_capacity_control,-99.99275753515425,-544.7100541464667,66.23430227906685,64.81157573410937,1,0,0.17889671854334988,64.81157573410937
pac_successive_elimination,0,1,4,40,49,4,high_taxation,0.8325884917844175,-332.3437880873488,139.79187358461195,136.0640890081892,0,,0.19067453502738657,136.0640890081892
epsilon_greedy,0,1,5,50,59,7,weak_capacity_control,-99.591097747303,-218.21836664155998,75.25447432062774,74.8328842484042,1,0,0.074940530927605,76.10808000000034
ucb1,0,1,5,50,59,7,weak_capacity_control,-99.6886091012348,-230.8885876618605,65.07353837124532,64.70802322165552,1,0,0.074940530927605,65.81291244353963
softmax,0,1,5,50,59,7,weak_capacity_control,-99.6886091012348,-230.8885876618605,65.07353837124532,64.70802322165552,1,0,0.074940530927605,65.81291244353963
pac_successive_elimination,0,1,5,50,59,5,hard_capacity_control,0.986525658718135,-147.845145547314,136.12449651185392,135.57360315714942,0,,0.07987430404355923,137.36680036737533
epsilon_greedy,0,1,6,60,69,7,weak_capacity_control,-99.43885628084341,-90.15553708023171,78.15591074842035,76.41413051124577,1,0,0.03139287976570931,80.12335511972626
ucb1,0,1,6,60,69,7,weak_capacity_control,-99.53242042209965,-95.63170556904626,67.58535401632729,66.07784570581023,1,0,0.03139287976570931,69.28806030275011
softmax,0,1,6,60,69,7,weak_capacity_control,-99.53242042209965,-95.63170556904626,67.58535401632729,66.07784570581023,1,0,0.03139287976570931,69.28806030275011
pac_successive_elimination,0,1,6,60,69,7,weak_capacity_control,1.1139657419596858,-59.679063373304025,140.83737663995876,137.8698565935431,0,,0.03345965650592302,144.2384155519561
epsilon_greedy,0,1,7,70,79,7,weak_capacity_control,-99.34458993622601,-36.74962829653764,83.05916304846247,80.61987725029367,1,0,0.013150599385749199,85.63176822369218
ucb1,0,1,7,70,79,7,weak_capacity_control,-99.4406081626883,-39.18046241179946,71.82867596681893,69.71774923775551,1,0,0.013150599385749199,74.0549755342241
softmax,0,1,7,70,79,7,weak_capacity_control,-99.4406081626883,-39.18046241179946,71.82867596681893,69.71774923775551,1,0,0.013150599385749199,74.0549755342241
pac_successive_elimination,0,1,7,70,79,10,moderate_marine_reserve,1.2152620078946246,-32.23290823545913,149.69938993561004,145.1727306248206,0,,0.014016380197614167,154.43842016466544
epsilon_greedy,0,1,8,80,89,7,weak_capacity_control,-99.27218605470974,-14.853853937759881,89.12013590736379,86.24033522868635,1,0,0.005508837210703079,92.0965130294148
ucb1,0,1,8,80,89,11,strong_marine_reserve,-99.37571849900709,-18.733611602433704,77.1618135114413,74.60110326583398,1,0,0.005508837210703079,79.79479106786124
softmax,0,1,8,80,89,11,strong_marine_reserve,-99.37571849900709,-18.733611602433704,77.1618135114413,74.60110326583398,1,0,0.005508837210703079,79.79479106786124
pac_successive_elimination,0,1,8,80,89,11,strong_marine_reserve,1.3254559175747809,-15.119502584619061,160.869050419128,155.5681618028492,0,,0.005871516158849192,166.32147432477225
epsilon_greedy,0,1,9,90,99,5,hard_capacity_control,-99.20591485314618,-5.96275577394752,96.00574831533282,92.78596452626654,1,0,0.002307673325286836,99.3088211377408
ucb1,0,1,9,90,99,5,hard_capacity_control,-99.31324682480468,-6.44900135406356,83.18426118592572,80.3925586088605,1,0,0.002307673325286836,86.04824874319331
softmax,0,1,9,90,99,5,hard_capacity_control,-99.31324682480468,-6.44900135406356,83.18426118592572,80.3925586088605,1,0,0.002307673325286836,86.04824874319331
pac_successive_elimination,0,1,9,90,99,4,high_taxation,1.4414219711350111,-2.996383344372814,173.33020253752605,167.5568700525274,0,,0.002459600946719137,179.25500402108943
epsilon_greedy,0,1,10,100,109,7,weak_capacity_control,-99.1390889263102,-2.374557286692068,103.59427571718008,100.06786205925833,1,0,0.0009666933279302226,107.20113722243556
ucb1,0,1,10,100,109,7,weak_capacity_control,-99.25456121836376,-2.5972512483213244,89.7643239461466,86.70641139551137,1,0,0.0009666933279302226,92.8921199328942
softmax,0,1,10,100,109,7,weak_capacity_control,-99.25456121836376,-2.5972512483213244,89.7643239461466,86.70641139551137,1,0,0.0009666933279302226,92.8921199328942
pac_successive_elimination,0,1,10,100,109,4,high_taxation,1.5568723522673862,-1.0068935879298633,186.94550950263795,180.61698003898144,0,,0.001030336399225272,193.41874213456222
epsilon_greedy,0,1,11,110,119,7,weak_capacity_control,-99.06878948365477,-0.9354482351112612,111.85751574963933,108.02730834814129,1,0,0.0004049515934620661,115.77033179346006
ucb1,0,1,11,110,119,7,weak_capacity_control,-99.19328722653104,-1.040369611373566,96.93037716964011,93.60859316459894,1,0,0.0004049515934620661,100.32390987286836
softmax,0,1,11,110,119,7,weak_capacity_control,-99.19328722653104,-1.040369611373566,96.93037716964011,93.60859316459894,1,0,0.0004049515934620661,100.32390987286836
pac_successive_elimination,0,1,11,110,119,4,high_taxation,1.6811487446008517,-0.3081172795188477,201.77482342564446,194.90147115635418,0,,0.00043161192346447843,208.79569259277622
epsilon_greedy,0,2,0,0,9,7,weak_capacity_control,10.490521369403732,3448.0349987194627,845.0983644821124,685.0617923614428,0,,2.0946658360156425,685.0617923614428
ucb1,0,2,0,0,9,7,weak_capacity_control,10.490521369403732,3448.0349987194627,845.0983644821124,685.0617923614428,0,,2.0946658360156425,685.0617923614428
softmax,0,2,0,0,9,7,weak_capacity_control,10.490521369403732,3448.0349987194627,845.0983644821124,685.0617923614428,0,,2.0946658360156425,685.0617923614428
pac_successive_elimination,0,2,0,0,9,4,high_taxation,9.919364828836628,2630.4171257777757,874.6737243670624,769.2682333080999,0,,1.1885390363166835,769.2682333080999
epsilon_greedy,0,2,1,10,19,7,weak_capacity_control,7.172915297017182,3721.5387171817497,414.165189580252,210.99693960739452,0,,2.433656061354898,210.99693960739452
ucb1,0,2,1,10,19,7,weak_capacity_control,7.172915297017182,3721.5387171817497,414.165189580252,210.99693960739452,0,,2.433656061354898,210.99693960739452
softmax,0,2,1,10,19,7,weak_capacity_control,7.172915297017182,3721.5387171817497,414.165189580252,210.99693960739452,0,,2.433656061354898,210.99693960739452
pac_successive_elimination,0,2,1,10,19,4,high_taxation,8.016056187162523,2735.0675641583553,633.7186347605001,520.5969804335092,0,,1.2892753952149958,520.5969804335092
epsilon_greedy,0,2,2,20,29,7,weak_capacity_control,-50.58587411208708,-1652.3190888752126,127.9733972145757,92.3055313030015,1,5,1.0194679858754725,92.3055313030015
ucb1,0,2,2,20,29,7,weak_capacity_control,-50.58587411208708,-1652.3190888752126,127.9733972145757,92.3055313030015,1,5,1.0194679858754725,92.3055313030015
softmax,0,2,2,20,29,7,weak_capacity_control,-50.58587411208708,-1652.3190888752126,127.9733972145757,92.3055313030015,1,5,1.0194679858754725,92.3055313030015
pac_successive_elimination,0,2,2,20,29,4,high_taxation,5.142199588350904,1858.947858809066,393.9902075450205,305.5567624125514,0,,1.042468553486391,305.5567624125514
epsilon_greedy,0,2,3,30,39,7,weak_capacity_control,-100.55626119379933,-1199.919120068375,77.23895115228476,69.61524112997978,1,0,0.42705910285711063,69.61524112997978
ucb1,0,2,3,30,39,7,weak_capacity_control,-100.55626119379933,-1199.919120068375,77.23895115228476,69.61524112997978,1,0,0.42705910285711063,69.61524112997978
softmax,0,2,3,30,39,7,weak_capacity_control,-100.55626119379933,-1199.919120068375,77.23895115228476,69.61524112997978,1,0,0.42705910285711063,69.61524112997978
pac_successive_elimination,0,2,3,30,39,4,high_taxation,2.2708133466232523,205.67214235832427,247.81694451179135,217.37186359829838,0,,0.4859695748899937,217.37186359829838
epsilon_greedy,0,2,4,40,49,7,weak_capacity_control,-99.99275753515425,-544.7100541464667,66.23430227906685,64.81157573410937,1,0,0.17889671854334988,64.81157573410937
ucb1,0,2,4,40,49,7,weak_capacity_control,-99.99275753515425,-544.7100541464667,66.23430227906685,64.81157573410937,1,0,0.17889671854334988,64.81157573410937
softmax,0,2,4,40,49,7,weak_capacity_control,-99.99275753515425,-544.7100541464667,66.23430227906685,64.81157573410937,1,0,0.17889671854334988,64.81157573410937
pac_successive_elimination,0,2,4,40,49,4,high_taxation,1.5766261051513193,-116.76127268202112,203.20648534000082,196.68638115261598,0,,0.20357454431504118,196.68638115261598
epsilon_greedy,0,2,5,50,59,7,weak_capacity_control,-99.6886091012348,-230.8885876618605,65.07353837124532,64.70802322165552,1,0,0.074940530927605,65.81291244353963
ucb1,0,2,5,50,59,7,weak_capacity_control,-99.6886091012348,-230.8885876618605,65.07353837124532,64.70802322165552,1,0,0.074940530927605,65.81291244353963
softmax,0,2,5,50,59,7,weak_capacity_control,-99.6886091012348,-230.8885876618605,65.07353837124532,64.70802322165552,1,0,0.074940530927605,65.81291244353963
pac_successive_elimination,0,2,5,50,59,4,high_taxation,1.5677566308093622,-65.81708149942209,196.02884547705412,195.42318102032664,0,,0.08527816808790509,197.35778671562124
epsilon_greedy,0,2,6,60,69,7,weak_capacity_control,-99.53242042209965,-95.63170556904626,67.58535401632729,66.07784570581023,1,0,0.03139287976570931,69.28806030275011
ucb1,0,2,6,60,69,7,weak_capacity_control,-99.53242042209965,-95.63170556904626,67.58535401632729,66.07784570581023,1,0,0.03139287976570931,69.28806030275011
softmax,0,2,6,60,69,7,weak_capacity_control,-99.53242042209965,-95.63170556904626,67.58535401632729,66.07784570581023,1,0,0.03139287976570931,69.28806030275011
pac_successive_elimination,0,2,6,60,69,4,high_taxation,1.6587213250846133,-24.67915656505823,202.0080577979606,198.0062227450955,0,,0.03572335616369926,206.67399071262756
epsilon_greedy,0,2,7,70,79,7,weak_capacity_control,-99.4406081626883,-39.18046241179946,71.82867596681893,69.71774923775551,1,0,0.013150599385749199,74.0549755342241
ucb1,0,2,7,70,79,7,weak_capacity_control,-99.4406081626883,-39.18046241179946,71.82867596681893,69.71774923775551,1,0,0.013150599385749199,74.0549755342241
softmax,0,2,7,70,79,7,weak_capacity_control,-99.4406081626883,-39.18046241179946,71.82867596681893,69.71774923775551,1,0,0.013150599385749199,74.0549755342241
pac_successive_elimination,0,2,7,70,79,4,high_taxation,1.7753078932624247,-7.285706627595067,213.9112319868024,207.88361442430215,0,,0.014964652785259661,220.3148506356031
epsilon_greedy,0,2,8,80,89,7,weak_capacity_control,-99.37366293301451,-15.944921997493587,77.07383867795733,74.58162591951854,1,0,0.005508837210703079,79.64967390423702
ucb1,0,2,8,80,89,7,weak_capacity_control,-99.37366293301451,-15.944921997493587,77.07383867795733,74.58162591951854,1,0,0.005508837210703079,79.64967390423702
softmax,0,2,8,80,89,7,weak_capacity_control,-99.37366293301451,-15.944921997493587,77.07383867795733,74.58162591951854,1,0,0.005508837210703079,79.64967390423702
pac_successive_elimination,0,2,8,80,89,4,high_taxation,1.907742558249175,-1.3617897196225237,229.09252175625568,221.84072939326833,0,,0.0062687512325882745,236.60503615716573
epsilon_greedy,0,2,9,90,99,7,weak_capacity_control,-99.31451300257245,-6.454737461944177,83.03300818673988,80.24635914358844,1,0,0.002307673325286836,85.89181217855817
ucb1,0,2,9,90,99,7,weak_capacity_control,-99.31451300257245,-6.454737461944177,83.03300818673988,80.24635914358844,1,0,0.002307673325286836,85.89181217855817
softmax,0,2,9,90,99,7,weak_capacity_control,-99.31451300257245,-6.454737461944177,83.03300818673988,80.24635914358844,1,0,0.002307673325286836,85.89181217855817
pac_successive_elimination,0,2,9,90,99,4,high_taxation,2.0544502885825997,0.25373994447348436,246.50358583657513,238.34941388412904,0,,0.0027145929954563446,254.86987137034325
epsilon_greedy,0,2,10,100,109,7,weak_capacity_control,-99.25592347181272,-2.599842803163998,89.60116451885206,86.54878388327663,1,0,0.0009666933279302226,92.72330322384406
ucb1,0,2,10,100,109,11,strong_marine_reserve,-99.25634310051265,-3.168958047062051,89.619102904132,86.55274808815312,1,0,0.0009666933279302226,92.7529159598721
softmax,0,2,10,100,109,5,hard_capacity_control,-99.25592347181272,-2.599842803163998,89.60116451885206,86.54878388327663,1,0,0.0009666933279302226,92.72330322384406
pac_successive_elimination,0,2,10,100,109,4,high_taxation,2.2148261741662387,0.5275671545474201,265.71583284140297,256.7919976035136,0,,0.0012909343743414737,274.83783924372165
epsilon_greedy,0,2,11,110,119,5,hard_capacity_control,-99.19475604112942,-1.041541357824805,96.75426002740817,93.43848090116123,1,0,0.0004049515934620661,100.14165942958724
ucb1,0,2,11,110,119,7,weak_capacity_control,-99.19449839108118,-1.041335817588956,96.78515336836747,93.46832089668426,1,0,0.0004049515934620661,100.17362864350152
softmax,0,2,11,110,119,11,strong_marine_reserve,-99.19494587619546,-1.2989914714749031,96.76237383312076,93.44027360113263,1,0,0.0004049515934620661,100.1550548378746
pac_successive_elimination,0,2,11,110,119,4,high_taxation,2.388758205485072,0.4840233778905796,286.59290185286176,276.9253775931026,0,,0.0006796465213188615,296.46081144311785
epsilon_greedy,1,0,0,0,9,3,moderate_taxation,10.118290610614807,2917.3699619718477,864.1104778371554,739.8811269985001,0,,1.4853708961653926,739.8811269985001
ucb1,1,0,0,0,9,3,moderate_taxation,10.118290610614807,2917.3699619718477,864.1104778371554,739.8811269985001,0,,1.4853708961653926,739.8811269985001
softmax,1,0,0,0,9,3,moderate_taxation,10.118290610614807,2917.3699619718477,864.1104778371554,739.8811269985001,0,,1.4853708961653926,739.8811269985001
pac_successive_elimination,1,0,0,0,9,1,baseline_laissez_faire,10.490521369403732,3448.0349987194627,845.0983644821124,685.0617923614428,0,,2.0946658360156425,685.0617923614428
epsilon_greedy,1,0,1,10,19,10,moderate_marine_reserve,7.571525697173755,2877.136216699609,563.3267376568974,414.6558837755958,0,,1.9191565756293816,414.6558837755958
ucb1,1,0,1,10,19,10,moderate_marine_reserve,7.571525697173755,2877.136216699609,563.3267376568974,414.6558837755958,0,,1.9191565756293816,414.6558837755958
softmax,1,0,1,10,19,10,moderate_marine_reserve,7.571525697173755,2877.136216699609,563.3267376568974,414.6558837755958,0,,1.9191565756293816,414.6558837755958
pac_successive_elimination,1,0,1,10,19,3,moderate_taxation,7.306302087564786,3684.756760534129,434.58543924367876,251.25320581226075,0,,2.090642867383461,251.25320581226075
epsilon_greedy,1,0,2,20,29,1,baseline_laissez_faire,3.023477199435302,874.529738819089,257.87369527394566,175.36357700207208,0,,1.1757182010732006,175.36357700207208
ucb1,1,0,2,20,29,1,baseline_laissez_faire,3.023477199435302,874.529738819089,257.87369527394566,175.36357700207208,0,,1.1757182010732006,175.36357700207208
softmax,1,0,2,20,29,1,baseline_laissez_faire,3.023477199435302,874.529738819089,257.87369527394566,175.36357700207208,0,,1.1757182010732006,175.36357700207208
pac_successive_elimination,1,0,2,20,29,4,high_taxation,0.5183692522472306,-842.2073758300155,163.26919536926954,123.70648739551876,0,,0.8815022449630269,123.70648739551876
epsilon_greedy,1,0,3,30,39,7,weak_capacity_control,0.38495814892463837,-788.3654829551854,140.79883582557886,123.59733742036528,0,,0.4925129254862432,123.59733742036528
ucb1,1,0,3,30,39,7,weak_capacity_control,0.38495814892463837,-788.3654829551854,140.79883582557886,123.59733742036528,0,,0.4925129254862432,123.59733742036528
softmax,1,0,3,30,39,7,weak_capacity_control,0.38495814892463837,-788.3654829551854,140.79883582557886,123.59733742036528,0,,0.4925129254862432,123.59733742036528
pac_successive_elimination,1,0,3,30,39,5,hard_capacity_control,-99.96205765785585,-849.0843091641246,106.4431981569922,97.78007494828263,1,0,0.36926471759400875,97.78007494828263
epsilon_greedy,1,0,4,40,49,4,high_taxation,-89.48452535078525,-449.2236748939865,115.76379889304857,112.19047291355115,1,1,0.20631557931960204,112.19047291355115
ucb1,1,0,4,40,49,4,high_taxation,-89.48452535078525,-449.2236748939865,115.76379889304857,112.19047291355115,1,1,0.20631557931960204,112.19047291355115
softmax,1,0,4,40,49,4,high_taxation,-89.48452535078525,-449.2236748939865,115.76379889304857,112.19047291355115,1,1,0.20631557931960204,112.19047291355115
pac_successive_elimination,1,0,4,40,49,7,weak_capacity_control,-99.61394547597318,-398.9317990853771,94.19835877346286,92.88818246655615,1,0,0.15468642585873654,92.88818246655615
epsilon_greedy,1,0,5,50,59,11,strong_marine_reserve,-99.31195811021047,-261.83846819802045,113.98564295850642,112.36591487062263,1,0,0.08642639830814342,116.10559134409752
ucb1,1,0,5,50,59,11,strong_marine_reserve,-99.31195811021047,-261.83846819802045,113.98564295850642,112.36591487062263,1,0,0.08642639830814342,116.10559134409752
softmax,1,0,5,50,59,11,strong_marine_reserve,-99.31195811021047,-261.83846819802045,113.98564295850642,112.36591487062263,1,0,0.08642639830814342,116.10559134409752
pac_successive_elimination,1,0,5,50,59,10,moderate_marine_reserve,-99.40584140437026,-193.65773782414095,94.5379600144631,93.07029491480951,1,0,0.06479874519519657,96.3975378597746
epsilon_greedy,1,0,6,60,69,5,hard_capacity_control,-69.08791512997817,-78.71262763174002,118.89569971842761,116.49830088093056,1,0,0.03620435426714369,121.67994075295987
ucb1,1,0,6,60,69,5,hard_capacity_control,-69.08791512997817,-78.71262763174002,118.89569971842761,116.49830088093056,1,0,0.03620435426714369,121.67994075295987
softmax,1,0,6,60,69,5,hard_capacity_control,-69.08791512997817,-78.71262763174002,118.89569971842761,116.49830088093056,1,0,0.03620435426714369,121.67994075295987
pac_successive_elimination,1,0,6,60,69,11,strong_marine_reserve,-99.25484401671116,-86.20851346646992,99.76373961063827,96.95817360140698,1,0,0.027144446292310928,102.75087723270701
epsilon_greedy,1,0,7,70,79,3,moderate_taxation,1.0186686257652973,-31.160674582731637,125.97951604176347,122.3994683037073,0,,0.015166144760857644,129.78016061876033
ucb1,1,0,7,70,79,3,moderate_taxation,1.0186686257652973,-31.160674582731637,125.97951604176347,122.3994683037073,0,,0.015166144760857644,129.78016061876033
softmax,1,0,7,70,79,3,moderate_taxation,1.0186686257652973,-31.160674582731637,125.97951604176347,122.3994683037073,0,,0.015166144760857644,129.78016061876033
pac_successive_elimination,1,0,7,70,79,1,baseline_laissez_faire,-99.13890797657619,-27.292670317211684,106.60616324892311,103.40818054805,1,0,0.01137091408632357,109.9617837825349
epsilon_greedy,1,0,8,80,89,10,moderate_marine_reserve,1.1100258907537803,-15.848271289066352,135.10489944514163,130.71161807435206,0,,0.006353157004543817,139.6369423858875
ucb1,1,0,8,80,89,10,moderate_marine_reserve,1.1100258907537803,-15.848271289066352,135.10489944514163,130.71161807435206,0,,0.006353157004543817,139.6369423858875
softmax,1,0,8,80,89,10,moderate_marine_reserve,1.1100258907537803,-15.848271289066352,135.10489944514163,130.71161807435206,0,,0.006353157004543817,139.6369423858875
pac_successive_elimination,1,0,8,80,89,3,moderate_taxation,-99.05680515120808,-10.775922054862603,114.47649250161435,110.75147613375808,1,0,0.004763320119562626,118.31958340245376
epsilon_greedy,1,0,9,90,99,3,moderate_taxation,1.2080810376343407,-4.55597101908369,145.51644103841093,140.672622121828,0,,0.002661362169544639,150.48964475028416
ucb1,1,0,9,90,99,3,moderate_taxation,1.2080810376343407,-4.55597101908369,145.51644103841093,140.672622121828,0,,0.002661362169544639,150.48964475028416
softmax,1,0,9,90,99,3,moderate_taxation,1.2080810376343407,-4.55597101908369,145.51644103841093,140.672622121828,0,,0.002661362169544639,150.48964475028416
pac_successive_elimination,1,0,9,90,99,4,high_taxation,-8.976263807111083,-4.201346870471051,123.35250477112646,119.20811426730057,1,0,0.0019953733173236885,127.60108023224724
epsilon_greedy,1,0,10,100,109,10,moderate_marine_reserve,1.305664122081629,-2.4589386192471707,156.97476728410513,151.63887166709216,0,,0.0011148549598912244,162.43034626158175
ucb1,1,0,10,100,109,10,moderate_marine_reserve,1.305664122081629,-2.4589386192471707,156.97476728410513,151.63887166709216,0,,0.0011148549598912244,162.43034626158175
softmax,1,0,10,100,109,10,moderate_marine_reserve,1.305664122081629,-2.4589386192471707,156.97476728410513,151.63887166709216,0,,0.0011148549598912244,162.43034626158175
pac_successive_elimination,1,0,10,100,109,5,hard_capacity_control,1.1076059397244058,-1.615582605952471,133.106582679643,128.57663358915298,0,,0.0008358696404080706,137.73843866308047
epsilon_greedy,1,0,11,110,119,3,moderate_taxation,1.411541190873863,-0.6014618083781208,169.45711832186893,163.67697707152794,0,,0.00046701707712585585,175.36214422311363
ucb1,1,0,11,110,119,3,moderate_taxation,1.411541190873863,-0.6014618083781208,169.45711832186893,163.67697707152794,0,,0.00046701707712585585,175.36214422311363
softmax,1,0,11,110,119,10,moderate_marine_reserve,1.4112823547150575,-0.9524731573767051,169.46817934469212,163.6794217362697,0,,0.00046701707712585585,175.38040203142498
pac_successive_elimination,1,0,11,110,119,7,weak_capacity_control,1.1970105939050113,-0.6109207654750932,143.71458176045834,138.79901078907986,0,,0.0003501490421316374,148.73530135201835
epsilon_greedy,1,1,0,0,9,3,moderate_taxation,10.118290610614807,2917.3699619718477,864.1104778371554,739.8811269985001,0,,1.4853708961653926,739.8811269985001
ucb1,1,1,0,0,9,1,baseline_laissez_faire,10.490521369403732,3448.0349987194627,845.0983644821124,685.0617923614428,0,,2.0946658360156425,685.0617923614428
softmax,1,1,0,0,9,3,moderate_taxation,10.118290610614807,2917.3699619718477,864.1104778371554,739.8811269985001,0,,1.4853708961653926,739.8811269985001
pac_successive_elimination,1,1,0,0,9,10,moderate_marine_reserve,10.141336477120525,2989.221945950384,858.253743740417,717.9373143653968,0,,1.8586333167843792,717.9373143653968
epsilon_greedy,1,1,1,10,19,3,moderate_taxation,8.091235544999945,3463.7698951987013,555.2958779761493,396.1874607197347,0,,1.852135913276932,396.1874607197347
ucb1,1,1,1,10,19,1,baseline_laissez_faire,7.172915297017182,3721.5387171817497,414.165189580252,210.99693960739452,0,,2.433656061354898,210.99693960739452
softmax,1,1,1,10,19,3,moderate_taxation,8.091235544999945,3463.7698951987013,555.2958779761493,396.1874607197347,0,,1.852135913276932,396.1874607197347
pac_successive_elimination,1,1,1,10,19,11,strong_marine_reserve,6.483554683924766,1955.6407571935695,543.3496712077435,424.21809979929606,0,,1.587311859591302,424.21809979929606
epsilon_greedy,1,1,2,20,29,3,moderate_taxation,2.9053361526327284,765.8368160274092,256.7399203926382,185.10785301335062,0,,1.0161203923383744,185.10785301335062
ucb1,1,1,2,20,29,1,baseline_laissez_faire,-50.58587411208708,-1652.3190888752126,127.9733972145757,92.3055313030015,1,5,1.0194679858754725,92.3055313030015
softmax,1,1,2,20,29,3,moderate_taxation,2.9053361526327284,765.8368160274092,256.7399203926382,185.10785301335062,0,,1.0161203923383744,185.10785301335062
pac_successive_elimination,1,1,2,20,29,1,baseline_laissez_faire,3.47299757189261,1094.9615407985327,285.3643237312893,204.13018393378988,0,,1.0865855213269806,204.13018393378988
epsilon_greedy,1,1,3,30,39,3,moderate_taxation,0.6945658190452897,-587.7337612317224,153.87594963324145,138.1876946879523,0,,0.425656782909363,138.1876946879523
ucb1,1,1,3,30,39,10,moderate_marine_reserve,-100.64685154021392,-1327.0435857255652,81.62304546139735,76.25917630558891,1,0,0.42705910285711063,76.25917630558891
softmax,1,1,3,30,39,3,moderate_taxation,0.6945658190452897,-587.7337612317224,153.87594963324145,138.1876946879523,0,,0.425656782909363,138.1876946879523
pac_successive_elimination,1,1,3,30,39,3,moderate_taxation,0.8813439175970361,-509.22045919473544,166.8677252150126,148.2063821349172,0,,0.45517489940297945,148.2063821349172
epsilon_greedy,1,1,4,40,49,3,moderate_taxation,0.7542938581752301,-339.44227085083014,131.24833548312722,128.2992818432063,0,,0.1783092812651803,128.2992818432063
ucb1,1,1,4,40,49,3,moderate_taxation,-99.92102515104204,-525.6459606857911,72.55449715724873,70.99516205421189,1,0,0.17889671854334988,70.99516205421189
softmax,1,1,4,40,49,3,moderate_taxation,0.7542938581752301,-339.44227085083014,131.24833548312722,128.2992818432063,0,,0.1783092812651803,128.2992818432063
pac_successive_elimination,1,1,4,40,49,4,high_taxation,0.8325884917844175,-332.3437880873488,139.79187358461195,136.0640890081892,0,,0.19067453502738657,136.0640890081892
epsilon_greedy,1,1,5,50,59,3,moderate_taxation,0.9244151080734687,-148.3157918370445,128.7277079892616,128.0561653727147,0,,0.07469445116789143,130.13047489823884
ucb1,1,1,5,50,59,7,weak_capacity_control,-99.62915405071446,-223.16326392976362,71.28110558583468,70.88136440920798,1,0,0.074940530927605,72.09017601362977
softmax,1,1,5,50,59,3,moderate_taxation,0.9244151080734687,-148.3157918370445,128.7277079892616,128.0561653727147,0,,0.07469445116789143,130.13047489823884
pac_successive_elimination,1,1,5,50,59,5,hard_capacity_control,0.986525658718135,-147.845145547314,136.12449651185392,135.57360315714942,0,,0.07987430404355923,137.36680036737533
epsilon_greedy,1,1,6,60,69,3,moderate_taxation,1.053289292352996,-59.88260528028704,133.58062771599396,130.64343325662372,0,,0.03128979599763559,136.90672913185583
ucb1,1,1,6,60,69,1,baseline_laissez_faire,-99.47537111504703,-92.29270456438147,74.03059074208264,72.38019016933076,1,0,0.03139287976570931,75.89476760146079
softmax,1,1,6,60,69,3,moderate_taxation,1.053289292352996,-59.88260528028704,133.58062771599396,130.64343325662372,0,,0.03128979599763559,136.90672913185583
pac_successive_elimination,1,1,6,60,69,7,weak_capacity_control,1.1139657419596858,-59.679063373304025,140.83737663995876,137.8698565935431,0,,0.03345965650592302,144.2384155519561
epsilon_greedy,1,1,7,70,79,3,moderate_taxation,1.1591487767533237,-23.232635256344082,141.8857694411601,137.7479834498531,0,,0.013107417194525321,146.2523882670289
ucb1,1,1,7,70,79,3,moderate_taxation,-99.38206148090147,-37.69827669102757,78.67641549474709,76.36521901648203,1,0,0.013150599385749199,81.11393058794268
softmax,1,1,7,70,79,1,baseline_laissez_faire,1.1591487767533237,-23.232635256344082,141.8857694411601,137.7479834498531,0,,0.013107417194525321,146.2523882670289
pac_successive_elimination,1,1,7,70,79,10,moderate_marine_reserve,1.2152620078946246,-32.23290823545913,149.69938993561004,145.1727306248206,0,,0.014016380197614167,154.43842016466544
epsilon_greedy,1,1,8,80,89,10,moderate_marine_reserve,1.2566815448116986,-12.447156284363734,152.29544413152746,147.3118493236593,0,,0.0054907480229120205,157.42884347634612
ucb1,1,1,8,80,89,10,moderate_marine_reserve,-99.31319339965145,-17.188093068838285,84.4793632100874,81.70387667058932,1,0,0.005508837210703079,87.3385957640655
softmax,1,1,8,80,89,3,moderate_taxation,1.2594111570579225,-8.74404053555717,152.17862371121754,147.28596994423168,0,,0.0054907480229120205,157.23620265188882
pac_successive_elimination,1,1,8,80,89,11,strong_marine_reserve,1.3254559175747809,-15.119502584619061,160.869050419128,155.5681618028492,0,,0.005871516158849192,166.32147432477225
epsilon_greedy,1,1,9,90,99,10,moderate_marine_reserve,1.3629261670799875,-4.853308406256911,164.13353705834933,158.6136498688566,0,,0.002300095694192487,169.7883059786283
ucb1,1,1,9,90,99,1,baseline_laissez_faire,-99.24742673174532,-6.1508178951808175,91.04689033798205,87.99260175974891,1,0,0.002307673325286836,94.18021634582189
softmax,1,1,9,90,99,1,baseline_laissez_faire,1.3624793302915155,-3.188076229297457,163.88008878249758,158.40791939277182,0,,0.002300095694192487,169.4937602842755
pac_successive_elimination,1,1,9,90,99,4,high_taxation,1.4414219711350111,-2.996383344372814,173.33020253752605,167.5568700525274,0,,0.002459600946719137,179.25500402108943
epsilon_greedy,1,1,10,100,109,3,moderate_taxation,1.4745828287053573,-1.1102773884106503,177.08317273125212,171.08047452320503,0,,0.0009635190288038445,183.22228894863377
ucb1,1,1,10,100,109,3,moderate_taxation,-99.18374914355188,-2.4624514680176084,98.24559694993712,94.90025937752152,1,0,0.0009666933279302226,101.66732309570646
softmax,1,1,10,100,109,3,moderate_taxation,1.4720186521783978,-1.1155283662261255,176.7761016653549,170.78370959573016,0,,0.0009635190288038445,182.90468030254695
pac_successive_elimination,1,1,10,100,109,4,high_taxation,1.5568723522673862,-1.0068935879298633,186.94550950263795,180.61698003898144,0,,0.001030336399225272,193.41874213456222
epsilon_greedy,1,1,11,110,119,3,moderate_taxation,1.5925140336979633,-0.3644797858200984,191.145421618054,184.62828747964872,0,,0.00040362186721671755,197.80215363496197
ucb1,1,1,11,110,119,10,moderate_marine_reserve,-99.11706897588654,-1.155882996460193,106.09042885319083,102.45233590516676,1,0,0.0004049515934620661,109.80622363204303
softmax,1,1,11,110,119,1,baseline_laissez_faire,1.5897516825524711,-0.36685210753840325,190.81422415920113,184.30826646343027,0,,0.00040362186721671755,197.45954458596654
pac_successive_elimination,1,1,11,110,119,4,high_taxation,1.6811487446008517,-0.3081172795188477,201.77482342564446,194.90147115635418,0,,0.00043161192346447843,208.79569259277622
epsilon_greedy,1,2,0,0,9,3,moderate_taxation,10.118290610614807,2917.3699619718477,864.1104778371554,739.8811269985001,0,,1.4853708961653926,739.8811269985001
ucb1,1,2,0,0,9,1,baseline_laissez_faire,10.490521369403732,3448.0349987194627,845.0983644821124,685.0617923614428,0,,2.0946658360156425,685.0617923614428
softmax,1,2,0,0,9,10,moderate_marine_reserve,10.141336477120525,2989.221945950384,858.253743740417,717.9373143653968,0,,1.8586333167843792,717.9373143653968
pac_successive_elimination,1,2,0,0,9,4,high_taxation,9.919364828836628,2630.4171257777757,874.6737243670624,769.2682333080999,0,,1.1885390363166835,769.2682333080999
epsilon_greedy,1,2,1,10,19,3,moderate_taxation,8.091235544999945,3463.7698951987013,555.2958779761493,396.1874607197347,0,,1.852135913276932,396.1874607197347
ucb1,1,2,1,10,19,1,baseline_laissez_faire,7.172915297017182,3721.5387171817497,414.165189580252,210.99693960739452,0,,2.433656061354898,210.99693960739452
softmax,1,2,1,10,19,10,moderate_marine_reserve,7.127733328480125,2921.3977284834473,504.76027199960123,343.6903195122631,0,,2.0289373677395695,343.6903195122631
pac_successive_elimination,1,2,1,10,19,4,high_taxation,8.016056187162523,2735.0675641583553,633.7186347605001,520.5969804335092,0,,1.2892753952149958,520.5969804335092
epsilon_greedy,1,2,2,20,29,3,moderate_taxation,2.9053361526327284,765.8368160274092,256.7399203926382,185.10785301335062,0,,1.0161203923383744,185.10785301335062
ucb1,1,2,2,20,29,1,baseline_laissez_faire,-50.58587411208708,-1652.3190888752126,127.9733972145757,92.3055313030015,1,5,1.0194679858754725,92.3055313030015
softmax,1,2,2,20,29,10,moderate_marine_reserve,1.6215622956321631,-485.9233648339205,252.89827925593005,209.08185438340635,0,,0.8638564511867963,209.08185438340635
pac_successive_elimination,1,2,2,20,29,4,high_taxation,5.142199588350904,1858.947858809066,393.9902075450205,305.5567624125514,0,,1.042468553486391,305.5567624125514
epsilon_greedy,1,2,3,30,39,3,moderate_taxation,0.6945658190452897,-587.7337612317224,153.87594963324145,138.1876946879523,0,,0.425656782909363,138.1876946879523
ucb1,1,2,3,30,39,1,baseline_laissez_faire,-100.55626119379933,-1199.919120068375,77.23895115228476,69.61524112997978,1,0,0.42705910285711063,69.61524112997978
softmax,1,2,3,30,39,10,moderate_marine_reserve,0.9672383272416981,-606.7390048722704,188.87727985367619,178.93505424515072,0,,0.361872825976336,178.93505424515072
pac_successive_elimination,1,2,3,30,39,4,high_taxation,2.2708133466232523,205.67214235832427,247.81694451179135,217.37186359829838,0,,0.4859695748899937,217.37186359829838
epsilon_greedy,1,2,4,40,49,3,moderate_taxation,0.7542938581752301,-339.44227085083014,131.24833548312722,128.2992818432063,0,,0.1783092812651803,128.2992818432063
ucb1,1,2,4,40,49,1,baseline_laissez_faire,-99.99275753515425,-544.7100541464667,66.23430227906685,64.81157573410937,1,0,0.17889671854334988,64.81157573410937
softmax,1,2,4,40,49,10,moderate_marine_reserve,1.1750070435652051,-290.3289880323397,175.84032379170537,175.09340638544796,0,,0.15158993372127189,175.5218978626695
pac_successive_elimination,1,2,4,40,49,4,high_taxation,1.5766261051513193,-116.76127268202112,203.20648534000082,196.68638115261598,0,,0.20357454431504118,196.68638115261598
epsilon_greedy,1,2,5,50,59,3,moderate_taxation,0.9244151080734687,-148.3157918370445,128.7277079892616,128.0561653727147,0,,0.07469445116789143,130.13047489823884
ucb1,1,2,5,50,59,3,moderate_taxation,-99.6886091012348,-230.8885876618605,65.07353837124532,64.70802322165552,1,0,0.074940530927605,65.81291244353963
softmax,1,2,5,50,59,10,moderate_marine_reserve,1.3676703239092038,-120.7345644448584,178.6085866024875,175.86117020824744,0,,0.06350161260000854,182.09362955895108
pac_successive_elimination,1,2,5,50,59,4,high_taxation,1.5677566308093622,-65.81708149942209,196.02884547705412,195.42318102032664,0,,0.08527816808790509,197.35778671562124
epsilon_greedy,1,2,6,60,69,3,moderate_taxation,1.053289292352996,-59.88260528028704,133.58062771599396,130.64343325662372,0,,0.03128979599763559,136.90672913185583
ucb1,1,2,6,60,69,1,baseline_laissez_faire,-99.53242042209965,-95.63170556904626,67.58535401632729,66.07784570581023,1,0,0.03139287976570931,69.28806030275011
softmax,1,2,6,60,69,10,moderate_marine_reserve,1.51929160340402,-47.49443051733613,188.01432407056276,183.05723345934055,0,,0.026601072405084834,193.36490032596984
pac_successive_elimination,1,2,6,60,69,4,high_taxation,1.6587213250846133,-24.67915656505823,202.0080577979606,198.0062227450955,0,,0.03572335616369926,206.67399071262756
epsilon_greedy,1,2,7,70,79,3,moderate_taxation,1.1591487767533237,-23.232635256344082,141.8857694411601,137.7479834498531,0,,0.013107417194525321,146.2523882670289
ucb1,1,2,7,70,79,1,baseline_laissez_faire,-99.4406081626883,-39.18046241179946,71.82867596681893,69.71774923775551,1,0,0.013150599385749199,74.0549755342241
softmax,1,2,7,70,79,3,moderate_taxation,1.6631962023452738,-8.133929081809814,200.55961577125,194.59044727662655,0,,0.011143292652389596,206.82616229972652
pac_successive_elimination,1,2,7,70,79,4,high_taxation,1.7753078932624247,-7.285706627595067,213.9112319868024,207.88361442430215,0,,0.014964652785259661,220.3148506356031
epsilon_greedy,1,2,8,80,89,3,moderate_taxation,1.2594111570579225,-8.74404053555717,152.17862371121754,147.28596994423168,0,,0.0054907480229120205,157.23620265188882
ucb1,1,2,8,80,89,10,moderate_marine_reserve,-99.37494722041356,-17.687313456899318,77.12881116519948,74.5937992609657,1,0,0.005508837210703079,79.74034446392541
softmax,1,2,8,80,89,3,moderate_taxation,1.7916602279315756,-2.1865018052585716,215.2616075684201,208.30150872066042,0,,0.004667968615921819,222.4424224163181
pac_successive_elimination,1,2,8,80,89,4,high_taxation,1.907742558249175,-1.3617897196225237,229.09252175625568,221.84072939326833,0,,0.0062687512325882745,236.60503615716573
epsilon_greedy,1,2,9,90,99,1,baseline_laissez_faire,1.3624793302915155,-3.188076229297457,163.88008878249758,158.40791939277182,0,,0.002300095694192487,169.4937602842755
ucb1,1,2,9,90,99,3,moderate_taxation,-99.3137218827718,-6.451153487830293,83.1275124859234,80.3377059375155,1,0,0.002307673325286836,85.98955522852438
softmax,1,2,9,90,99,10,moderate_marine_reserve,1.9302089861084217,-2.361956784642484,231.9085131471677,224.11667022191648,0,,0.0019554302017329127,239.8856114691794
pac_successive_elimination,1,2,9,90,99,4,high_taxation,2.0544502885825997,0.25373994447348436,246.50358583657513,238.34941388412904,0,,0.0027145929954563446,254.86987137034325
epsilon_greedy,1,2,10,100,109,3,moderate_taxation,1.4720186521783978,-1.1155283662261255,176.7761016653549,170.78370959573016,0,,0.0009635190288038445,182.90468030254695
ucb1,1,2,10,100,109,7,weak_capacity_control,-99.25507232281423,-2.5982235749535127,89.70310809128516,86.647271050994,1,0,0.0009666933279302226,92.82878153200963
softmax,1,2,10,100,109,10,moderate_marine_reserve,2.0841485111187765,-0.7903640084936524,250.1926650152724,241.71452656040395,0,,0.0008191373139928711,258.85170114311717
pac_successive_elimination,1,2,10,100,109,4,high_taxation,2.2148261741662387,0.5275671545474201,265.71583284140297,256.7919976035136,0,,0.0012909343743414737,274.83783924372165
epsilon_greedy,1,2,11,110,119,3,moderate_taxation,1.5897516825524711,-0.36685210753840325,190.81422415920113,184.30826646343027,0,,0.00040362186721671755,197.45954458596654
ucb1,1,2,11,110,119,1,baseline_laissez_faire,-99.19383831146382,-1.040809239264509,96.86429973305397,93.54476868698833,1,0,0.0004049515934620661,100.25553129535281
softmax,1,2,11,110,119,10,moderate_marine_reserve,2.2497188911239454,-0.24046900519007974,269.9951232154963,260.831516356115,0,,0.0003431398055429563,279.3457874687768
pac_successive_elimination,1,2,11,110,119,4,high_taxation,2.388758205485072,0.4840233778905796,286.59290185286176,276.9253775931026,0,,0.0006796465213188615,296.46081144311785
