algorithm,seed,episode,window_index,window_start_step,window_end_step,arm_id,arm_name,window_cumulative_reward,window_cumulative_profit,window_mean_fish_stock,window_min_fish_stock,window_collapse_flag,window_time_to_collapse,end_ships,end_fish_population
epsilon_greedy,0,0,0,0,9,11,strong_marine_reserve,9.792141478367618,2535.374790314274,870.8120025664012,750.1462119556977,0,,1.6231724943666623,750.1462119556977
ucb1,0,0,0,0,9,11,strong_marine_reserve,9.792141478367618,2535.374790314274,870.8120025664012,750.1462119556977,0,,1.6231724943666623,750.1462119556977
softmax,0,0,0,0,9,11,strong_marine_reserve,9.792141478367618,2535.374790314274,870.8120025664012,750.1462119556977,0,,1.6231724943666623,750.1462119556977
pac_successive_elimination,0,0,0,0,9,11,strong_marine_reserve,9.792141478367618,2535.374790314274,870.8120025664012,750.1462119556977,0,,1.6231724943666623,750.1462119556977
epsilon_greedy,0,0,1,10,19,5,hard_capacity_control,8.477824768140737,4112.878671603311,523.793531584491,316.05665030206364,0,,2.579618925738808,316.05665030206364
ucb1,0,0,1,10,19,5,hard_capacity_control,8.477824768140737,4112.878671603311,523.793531584491,316.05665030206364,0,,2.579618925738808,316.05665030206364
softmax,0,0,1,10,19,5,hard_capacity_control,8.477824768140737,4112.878671603311,523.793531584491,316.05665030206364,0,,2.579618925738808,316.05665030206364
pac_successive_elimination,0,0,1,10,19,5,hard_capacity_control,8.477824768140737,4112.878671603311,523.793531584491,316.05665030206364,0,,2.579618925738808,316.05665030206364
epsilon_greedy,0,0,2,20,29,7,weak_capacity_control,-9.110390279053906,-590.1033349913797,177.5655667124967,118.89015826889568,1,9,1.1821808523338009,118.89015826889568
ucb1,0,0,2,20,29,7,weak_capacity_control,-9.110390279053906,-590.1033349913797,177.5655667124967,118.89015826889568,1,9,1.1821808523338009,118.89015826889568
softmax,0,0,2,20,29,7,weak_capacity_control,-9.110390279053906,-590.1033349913797,177.5655667124967,118.89015826889568,1,9,1.1821808523338009,118.89015826889568
pac_successive_elimination,0,0,2,20,29,7,weak_capacity_control,-9.110390279053906,-590.1033349913797,177.5655667124967,118.89015826889568,1,9,1.1821808523338009,118.89015826889568
epsilon_greedy,0,0,3,30,39,1,baseline_laissez_faire,-100.41797436397944,-1217.0430546238945,95.88824287733519,84.40490608300503,1,0,0.495220155225351,84.40490608300503
ucb1,0,0,3,30,39,1,baseline_laissez_faire,-100.41797436397944,-1217.0430546238945,95.88824287733519,84.40490608300503,1,0,0.495220155225351,84.40490608300503
softmax,0,0,3,30,39,1,baseline_laissez_faire,-100.41797436397944,-1217.0430546238945,95.88824287733519,84.40490608300503,1,0,0.495220155225351,84.40490608300503
pac_successive_elimination,0,0,3,30,39,1,baseline_laissez_faire,-100.41797436397944,-1217.0430546238945,95.88824287733519,84.40490608300503,1,0,0.495220155225351,84.40490608300503
epsilon_greedy,0,0,4,40,49,4,high_taxation,-99.92601118600132,-585.3879778316903,79.12521501964461,76.71386602353644,1,0,0.20744964838271113,76.71386602353644
ucb1,0,0,4,40,49,4,high_taxation,-99.92601118600132,-585.3879778316903,79.12521501964461,76.71386602353644,1,0,0.20744964838271113,76.71386602353644
softmax,0,0,4,40,49,4,high_taxation,-99.92601118600132,-585.3879778316903,79.12521501964461,76.71386602353644,1,0,0.20744964838271113,76.71386602353644
pac_successive_elimination,0,0,4,40,49,4,high_taxation,-99.92601118600132,-585.3879778316903,79.12521501964461,76.71386602353644,1,0,0.20744964838271113,76.71386602353644
epsilon_greedy,0,0,5,50,59,10,moderate_marine_reserve,-99.63287857609372,-277.97969273597977,77.41213399707186,76.71299716802845,1,0,0.08690146424780947,78.52975220988013
ucb1,0,0,5,50,59,10,moderate_marine_reserve,-99.63287857609372,-277.97969273597977,77.41213399707186,76.71299716802845,1,0,0.08690146424780947,78.52975220988013
softmax,0,0,5,50,59,10,moderate_marine_reserve,-99.63287857609372,-277.97969273597977,77.41213399707186,76.71299716802845,1,0,0.08690146424780947,78.52975220988013
pac_successive_elimination,0,0,5,50,59,10,moderate_marine_reserve,-99.63287857609372,-277.97969273597977,77.41213399707186,76.71299716802845,1,0,0.08690146424780947,78.52975220988013
epsilon_greedy,0,0,6,60,69,3,moderate_taxation,-99.43286358698333,-103.14178798058359,80.4333841196731,78.79849720358848,1,0,0.03640336123627133,82.32958438475279
ucb1,0,0,6,60,69,3,moderate_taxation,-99.43286358698333,-103.14178798058359,80.4333841196731,78.79849720358848,1,0,0.03640336123627133,82.32958438475279
softmax,0,0,6,60,69,3,moderate_taxation,-99.43286358698333,-103.14178798058359,80.4333841196731,78.79849720358848,1,0,0.03640336123627133,82.32958438475279
pac_successive_elimination,0,0,6,60,69,3,moderate_taxation,-99.43286358698333,-103.14178798058359,80.4333841196731,78.79849720358848,1,0,0.03640336123627133,82.32958438475279
epsilon_greedy,0,0,7,70,79,11,strong_marine_reserve,-99.33790050696508,-50.590049516746475,85.52274510619804,82.87901870140308,1,0,0.015249509553941346,88.28030266419307
ucb1,0,0,7,70,79,11,strong_marine_reserve,-99.33790050696508,-50.590049516746475,85.52274510619804,82.87901870140308,1,0,0.015249509553941346,88.28030266419307
softmax,0,0,7,70,79,11,strong_marine_reserve,-99.33790050696508,-50.590049516746475,85.52274510619804,82.87901870140308,1,0,0.015249509553941346,88.28030266419307
pac_successive_elimination,0,0,7,70,79,4,high_taxation,-99.33161542103721,-42.057950342708786,85.2531035166604,82.81907722938729,1,0,0.015249509553941346,87.83628993266336
epsilon_greedy,0,0,8,80,89,5,hard_capacity_control,-99.25165350099708,-16.938340869839507,91.8341807847332,88.89833020409596,1,0,0.006388078840479273,94.87498115454673
ucb1,0,0,8,80,89,5,hard_capacity_control,-99.25165350099708,-16.938340869839507,91.8341807847332,88.89833020409596,1,0,0.006388078840479273,94.87498115454673
softmax,0,0,8,80,89,5,hard_capacity_control,-99.25165350099708,-16.938340869839507,91.8341807847332,88.89833020409596,1,0,0.006388078840479273,94.87498115454673
pac_successive_elimination,0,0,8,80,89,5,hard_capacity_control,-99.25555027502043,-16.986849037148097,91.37238888200585,88.45122530458379,1,0,0.006388078840479273,94.39797900993939
epsilon_greedy,0,0,9,90,99,7,weak_capacity_control,-99.18276509195469,-6.7871588366287305,98.88264802583322,95.58095203871821,1,0,0.0026759910623900696,102.2725195939485
ucb1,0,0,9,90,99,7,weak_capacity_control,-99.18276509195469,-6.7871588366287305,98.88264802583322,95.58095203871821,1,0,0.0026759910623900696,102.2725195939485
softmax,0,0,9,90,99,7,weak_capacity_control,-99.18276509195469,-6.7871588366287305,98.88264802583322,95.58095203871821,1,0,0.0026759910623900696,102.2725195939485
pac_successive_elimination,0,0,9,90,99,7,weak_capacity_control,-99.18692919303088,-6.809266848913826,98.38560885816361,95.10041925191823,1,0,0.0026759910623900696,101.75854483634545
epsilon_greedy,0,0,10,100,109,11,strong_marine_reserve,-99.11430741337455,-3.4859539636496613,106.70142487069262,103.05767664122041,1,0,0.0011209830599796225,110.42594177988168
ucb1,0,0,10,100,109,11,strong_marine_reserve,-99.11430741337455,-3.4859539636496613,106.70142487069262,103.05767664122041,1,0,0.0011209830599796225,110.42594177988168
softmax,0,0,10,100,109,11,strong_marine_reserve,-99.11430741337455,-3.4859539636496613,106.70142487069262,103.05767664122041,1,0,0.0011209830599796225,110.42594177988168
pac_successive_elimination,0,0,10,100,109,10,moderate_marine_reserve,-99.11856468531461,-3.1986843799116653,106.15607988783543,102.53773554959704,1,0,0.0011209830599796225,109.85597870542387
epsilon_greedy,0,0,11,110,119,5,hard_capacity_control,-99.04091027271251,-1.0567441991993751,115.21757657840318,111.27594730911825,1,0,0.0004695841620782316,119.24475746725604
ucb1,0,0,11,110,119,5,hard_capacity_control,-99.04091027271251,-1.0567441991993751,115.21757657840318,111.27594730911825,1,0,0.0004695841620782316,119.24475746725604
softmax,0,0,11,110,119,5,hard_capacity_control,-99.04091027271251,-1.0567441991993751,115.21757657840318,111.27594730911825,1,0,0.0004695841620782316,119.24475746725604
pac_successive_elimination,0,0,11,110,119,11,strong_marine_reserve,-99.04613666328214,-1.423584841942825,114.6344305871744,110.70413246523397,1,0,0.0004695841620782316,118.64840870317249
epsilon_greedy,0,1,0,0,9,7,weak_capacity_control,10.490521369403732,3448.0349987194627,845.0983644821124,685.0617923614428,0,,2.0946658360156425,685.0617923614428
ucb1,0,1,0,0,9,7,weak_capacity_control,10.490521369403732,3448.0349987194627,845.0983644821124,685.0617923614428,0,,2.0946658360156425,685.0617923614428
softmax,0,1,0,0,9,7,weak_capacity_control,10.490521369403732,3448.0349987194627,845.0983644821124,685.0617923614428,0,,2.0946658360156425,685.0617923614428
pac_successive_elimination,0,1,0,0,9,1,baseline_laissez_faire,10.490521369403732,3448.0349987194627,845.0983644821124,685.0617923614428,0,,2.0946658360156425,685.0617923614428
epsilon_greedy,0,1,1,10,19,7,weak_capacity_control,7.172915297017182,3721.5387171817497,414.165189580252,210.99693960739452,0,,2.433656061354898,210.99693960739452
ucb1,0,1,1,10,19,7,weak_capacity_control,7.172915297017182,3721.5387171817497,414.165189580252,210.99693960739452,0,,2.433656061354898,210.99693960739452
softmax,0,1,1,10,19,7,weak_capacity_control,7.172915297017182,3721.5387171817497,414.165189580252,210.99693960739452,0,,2.433656061354898,210.99693960739452
pac_successive_elimination,0,1,1,10,19,3,moderate_taxation,7.306302087564786,3684.756760534129,434.58543924367876,251.25320581226075,0,,2.090642867383461,251.25320581226075
epsilon_greedy,0,1,2,20,29,7,weak_capacity_control,-50.58587411208708,-1652.3190888752126,127.9733972145757,92.3055313030015,1,5,1.0194679858754725,92.3055313030015
ucb1,0,1,2,20,29,7,weak_capacity_control,-50.58587411208708,-1652.3190888752126,127.9733972145757,92.3055313030015,1,5,1.0194679858754725,92.3055313030015
softmax,0,1,2,20,29,7,weak_capacity_control,-50.58587411208708,-1652.3190888752126,127.9733972145757,92.3055313030015,1,5,1.0194679858754725,92.3055313030015
pac_successive_elimination,0,1,2,20,29,4,high_taxation,0.5183692522472306,-842.2073758300155,163.26919536926954,123.70648739551876,0,,0.8815022449630269,123.70648739551876
epsilon_greedy,0,1,3,30,39,11,strong_marine_reserve,-100.70539792766372,-1408.5079395189,84.37320142261937,80.5121429480269,1,0,0.42705910285711063,80.5121429480269
ucb1,0,1,3,30,39,7,weak_capacity_control,-100.55626119379933,-1199.919120068375,77.23895115228476,69.61524112997978,1,0,0.42705910285711063,69.61524112997978
softmax,0,1,3,30,39,7,weak_capacity_control,-100.55626119379933,-1199.919120068375,77.23895115228476,69.61524112997978,1,0,0.42705910285711063,69.61524112997978
pac_successive_elimination,0,1,3,30,39,5,hard_capacity_control,-99.96205765785585,-849.0843091641246,106.4431981569922,97.78007494828263,1,0,0.36926471759400875,97.78007494828263
epsilon_greedy,0,1,4,40,49,7,weak_capacity_control,-99.87510828716879,-513.4427103907245,76.60013078663175,74.95327320243389,1,0,0.17889671854334988,74.95327320243389
ucb1,0,1,4,40,49,7,weak_capacity_control,-99.99275753515425,-544.7100541464667,66.23430227906685,64.81157573410937,1,0,0.17889671854334988,64.81157573410937
softmax,0,1,4,40,49,7,weak_capacity_control,-99.99275753515425,-544.7100541464667,66.23430227906685,64.81157573410937,1,0,0.17889671854334988,64.81157573410937
pac_successive_elimination,0,1,4,40,49,7,weak_capacity_control,-99.61394547597318,-398.9317990853771,94.19835877346286,92.88818246655615,1,0,0.15468642585873654,92.88818246655615
epsilon_greedy,0,1,5,50,59,7,weak_capacity_control,-99.591097747303,-218.21836664155998,75.25447432062774,74.8328842484042,1,0,0.074940530927605,76.10808000000034
ucb1,0,1,5,50,59,7,weak_capacity_control,-99.6886091012348,-230.8885876618605,65.07353837124532,64.70802322165552,1,0,0.074940530927605,65.81291244353963
softmax,0,1,5,50,59,7,weak_capacity_control,-99.6886091012348,-230.8885876618605,65.07353837124532,64.70802322165552,1,0,0.074940530927605,65.81291244353963
pac_successive_elimination,0,1,5,50,59,10,moderate_marine_reserve,-99.40584140437026,-193.65773782414095,94.5379600144631,93.07029491480951,1,0,0.06479874519519657,96.3975378597746
epsilon_greedy,0,1,6,60,69,7,weak_capacity_control,-99.43885628084341,-90.15553708023171,78.15591074842035,76.41413051124577,1,0,0.03139287976570931,80.12335511972626
ucb1,0,1,6,60,69,7,weak_capacity_control,-99.53242042209965,-95.63170556904626,67.58535401632729,66.07784570581023,1,0,0.03139287976570931,69.28806030275011
softmax,0,1,6,60,69,7,weak_capacity_control,-99.53242042209965,-95.63170556904626,67.58535401632729,66.07784570581023,1,0,0.03139287976570931,69.28806030275011
pac_successive_elimination,0,1,6,60,69,11,strong_marine_reserve,-99.25484401671116,-86.20851346646992,99.76373961063827,96.95817360140698,1,0,0.027144446292310928,102.75087723270701
epsilon_greedy,0,1,7,70,79,7,weak_capacity_control,-99.34458993622601,-36.74962829653764,83.05916304846247,80.61987725029367,1,0,0.013150599385749199,85.63176822369218
ucb1,0,1,7,70,79,7,weak_capacity_control,-99.4406081626883,-39.18046241179946,71.82867596681893,69.71774923775551,1,0,0.013150599385749199,74.0549755342241
softmax,0,1,7,70,79,7,weak_capacity_control,-99.4406081626883,-39.18046241179946,71.82867596681893,69.71774923775551,1,0,0.013150599385749199,74.0549755342241
pac_successive_elimination,0,1,7,70,79,1,baseline_laissez_faire,-99.13890797657619,-27.292670317211684,106.60616324892311,103.40818054805,1,0,0.01137091408632357,109.9617837825349
epsilon_greedy,0,1,8,80,89,7,weak_capacity_control,-99.27218605470974,-14.853853937759881,89.12013590736379,86.24033522868635,1,0,0.005508837210703079,92.0965130294148
ucb1,0,1,8,80,89,11,strong_marine_reserve,-99.37571849900709,-18.733611602433704,77.1618135114413,74.60110326583398,1,0,0.005508837210703079,79.79479106786124
softmax,0,1,8,80,89,11,strong_marine_reserve,-99.37571849900709,-18.733611602433704,77.1618135114413,74.60110326583398,1,0,0.005508837210703079,79.79479106786124
pac_successive_elimination,0,1,8,80,89,3,moderate_taxation,-99.05680515120808,-10.775922054862603,114.47649250161435,110.75147613375808,1,0,0.004763320119562626,118.31958340245376
epsilon_greedy,0,1,9,90,99,5,hard_capacity_control,-99.20591485314618,-5.96275577394752,96.00574831533282,92.78596452626654,1,0,0.002307673325286836,99.3088211377408
ucb1,0,1,9,90,99,5,hard_capacity_control,-99.31324682480468,-6.44900135406356,83.18426118592572,80.3925586088605,1,0,0.002307673325286836,86.04824874319331
softmax,0,1,9,90,99,5,hard_capacity_control,-99.31324682480468,-6.44900135406356,83.18426118592572,80.3925586088605,1,0,0.002307673325286836,86.04824874319331
pac_successive_elimination,0,1,9,90,99,1,baseline_laissez_faire,-8.976263807111083,-4.201346870471051,123.35250477112646,119.20811426730057,1,0,0.0019953733173236885,127.60108023224724
epsilon_greedy,0,1,10,100,109,7,weak_capacity_control,-99.1390889263102,-2.374557286692068,103.59427571718008,100.06786205925833,1,0,0.0009666933279302226,107.20113722243556
ucb1,0,1,10,100,109,7,weak_capacity_control,-99.25456121836376,-2.5972512483213244,89.7643239461466,86.70641139551137,1,0,0.0009666933279302226,92.8921199328942
softmax,0,1,10,100,109,7,weak_capacity_control,-99.25456121836376,-2.5972512483213244,89.7643239461466,86.70641139551137,1,0,0.0009666933279302226,92.8921199328942
pac_successive_elimination,0,1,10,100,109,1,baseline_laissez_faire,1.1076059397244058,-1.615582605952471,133.106582679643,128.57663358915298,0,,0.0008358696404080706,137.73843866308047
epsilon_greedy,0,1,11,110,119,7,weak_capacity_control,-99.06878948365477,-0.9354482351112612,111.85751574963933,108.02730834814129,1,0,0.0004049515934620661,115.77033179346006
ucb1,0,1,11,110,119,7,weak_capacity_control,-99.19328722653104,-1.040369611373566,96.93037716964011,93.60859316459894,1,0,0.0004049515934620661,100.32390987286836
softmax,0,1,11,110,119,7,weak_capacity_control,-99.19328722653104,-1.040369611373566,96.93037716964011,93.60859316459894,1,0,0.0004049515934620661,100.32390987286836
pac_successive_elimination,0,1,11,110,119,1,baseline_laissez_faire,1.1970105939050113,-0.6109207654750932,143.71458176045834,138.79901078907986,0,,0.0003501490421316374,148.73530135201835
