algorithm,seed,episode,window_index,window_start_step,window_end_step,context_bias,context_fish_norm,context_ships_norm,context_time_norm,arm_id,arm_name,window_cumulative_reward,window_cumulative_profit,window_mean_fish_stock,window_min_fish_stock,window_collapse_flag,window_time_to_collapse,end_ships,end_fish_population
linucb,0,0,0,0,9,1.0,0.8333333333333334,0.1,0.0,11,strong_marine_reserve,9.792141478367618,2535.374790314274,870.8120025664012,750.1462119556977,0,,1.6231724943666623,750.1462119556977
contextual_thompson,0,0,0,0,9,1.0,0.8333333333333334,0.1,0.0,11,strong_marine_reserve,9.792141478367618,2535.374790314274,870.8120025664012,750.1462119556977,0,,1.6231724943666623,750.1462119556977
discretized_contextual,0,0,0,0,9,1.0,0.8333333333333334,0.1,0.0,11,strong_marine_reserve,9.792141478367618,2535.374790314274,870.8120025664012,750.1462119556977,0,,1.6231724943666623,750.1462119556977
linucb,0,0,1,10,19,1.0,0.6251218432964147,0.16231724943666623,0.08333333333333333,5,hard_capacity_control,8.477824768140737,4112.878671603311,523.793531584491,316.05665030206364,0,,2.579618925738808,316.05665030206364
contextual_thompson,0,0,1,10,19,1.0,0.6251218432964147,0.16231724943666623,0.08333333333333333,5,hard_capacity_control,8.477824768140737,4112.878671603311,523.793531584491,316.05665030206364,0,,2.579618925738808,316.05665030206364
discretized_contextual,0,0,1,10,19,1.0,0.6251218432964147,0.16231724943666623,0.08333333333333333,5,hard_capacity_control,8.477824768140737,4112.878671603311,523.793531584491,316.05665030206364,0,,2.579618925738808,316.05665030206364
linucb,0,0,2,20,29,1.0,0.2633805419183864,0.2579618925738808,0.16666666666666666,7,weak_capacity_control,-9.110390279053906,-590.1033349913797,177.5655667124967,118.89015826889568,1,9,1.1821808523338009,118.89015826889568
contextual_thompson,0,0,2,20,29,1.0,0.2633805419183864,0.2579618925738808,0.16666666666666666,7,weak_capacity_control,-9.110390279053906,-590.1033349913797,177.5655667124967,118.89015826889568,1,9,1.1821808523338009,118.89015826889568
discretized_contextual,0,0,2,20,29,1.0,0.2633805419183864,0.2579618925738808,0.16666666666666666,7,weak_capacity_control,-9.110390279053906,-590.1033349913797,177.5655667124967,118.89015826889568,1,9,1.1821808523338009,118.89015826889568
linucb,0,0,3,30,39,1.0,0.09907513189074639,0.1182180852333801,0.25,1,baseline_laissez_faire,-100.41797436397944,-1217.0430546238945,95.88824287733519,84.40490608300503,1,0,0.495220155225351,84.40490608300503
contextual_thompson,0,0,3,30,39,1.0,0.09907513189074639,0.1182180852333801,0.25,1,baseline_laissez_faire,-100.41797436397944,-1217.0430546238945,95.88824287733519,84.40490608300503,1,0,0.495220155225351,84.40490608300503
discretized_contextual,0,0,3,30,39,1.0,0.09907513189074639,0.1182180852333801,0.25,1,baseline_laissez_faire,-100.41797436397944,-1217.0430546238945,95.88824287733519,84.40490608300503,1,0,0.495220155225351,84.40490608300503
linucb,0,0,4,40,49,1.0,0.07033742173583753,0.0495220155225351,0.3333333333333333,4,high_taxation,-99.92601118600132,-585.3879778316903,79.12521501964461,76.71386602353644,1,0,0.20744964838271113,76.71386602353644
contextual_thompson,0,0,4,40,49,1.0,0.07033742173583753,0.0495220155225351,0.3333333333333333,4,high_taxation,-99.92601118600132,-585.3879778316903,79.12521501964461,76.71386602353644,1,0,0.20744964838271113,76.71386602353644
discretized_contextual,0,0,4,40,49,1.0,0.07033742173583753,0.0495220155225351,0.3333333333333333,4,high_taxation,-99.92601118600132,-585.3879778316903,79.12521501964461,76.71386602353644,1,0,0.20744964838271113,76.71386602353644
linucb,0,0,5,50,59,1.0,0.06392822168628037,0.020744964838271113,0.4166666666666667,10,moderate_marine_reserve,-99.63287857609372,-277.97969273597977,77.41213399707186,76.71299716802845,1,0,0.08690146424780947,78.52975220988013
contextual_thompson,0,0,5,50,59,1.0,0.06392822168628037,0.020744964838271113,0.4166666666666667,10,moderate_marine_reserve,-99.63287857609372,-277.97969273597977,77.41213399707186,76.71299716802845,1,0,0.08690146424780947,78.52975220988013
discretized_contextual,0,0,5,50,59,1.0,0.06392822168628037,0.020744964838271113,0.4166666666666667,10,moderate_marine_reserve,-99.63287857609372,-277.97969273597977,77.41213399707186,76.71299716802845,1,0,0.08690146424780947,78.52975220988013
linucb,0,0,6,60,69,1.0,0.0654414601749001,0.008690146424780946,0.5,3,moderate_taxation,-99.43286358698333,-103.14178798058359,80.4333841196731,78.79849720358848,1,0,0.03640336123627133,82.32958438475279
contextual_thompson,0,0,6,60,69,1.0,0.0654414601749001,0.008690146424780946,0.5,3,moderate_taxation,-99.43286358698333,-103.14178798058359,80.4333841196731,78.79849720358848,1,0,0.03640336123627133,82.32958438475279
discretized_contextual,0,0,6,60,69,1.0,0.0654414601749001,0.008690146424780946,0.5,3,moderate_taxation,-99.43286358698333,-103.14178798058359,80.4333841196731,78.79849720358848,1,0,0.03640336123627133,82.32958438475279
linucb,0,0,7,70,79,1.0,0.06860798698729399,0.003640336123627133,0.5833333333333334,11,strong_marine_reserve,-99.33790050696508,-50.590049516746475,85.52274510619804,82.87901870140308,1,0,0.015249509553941346,88.28030266419307
contextual_thompson,0,0,7,70,79,1.0,0.06860798698729399,0.003640336123627133,0.5833333333333334,11,strong_marine_reserve,-99.33790050696508,-50.590049516746475,85.52274510619804,82.87901870140308,1,0,0.015249509553941346,88.28030266419307
discretized_contextual,0,0,7,70,79,1.0,0.06860798698729399,0.003640336123627133,0.5833333333333334,11,strong_marine_reserve,-99.33790050696508,-50.590049516746475,85.52274510619804,82.87901870140308,1,0,0.015249509553941346,88.28030266419307
linucb,0,0,8,80,89,1.0,0.07356691888682756,0.0015249509553941346,0.6666666666666666,5,hard_capacity_control,-99.25165350099708,-16.938340869839507,91.8341807847332,88.89833020409596,1,0,0.006388078840479273,94.87498115454673
contextual_thompson,0,0,8,80,89,1.0,0.07356691888682756,0.0015249509553941346,0.6666666666666666,5,hard_capacity_control,-99.25165350099708,-16.938340869839507,91.8341807847332,88.89833020409596,1,0,0.006388078840479273,94.87498115454673
discretized_contextual,0,0,8,80,89,1.0,0.07356691888682756,0.0015249509553941346,0.6666666666666666,11,strong_marine_reserve,-99.25449333070625,-20.791183072622996,91.955742283964,88.925254830474,1,0,0.006388078840479273,95.07546319075581
linucb,0,0,9,90,99,1.0,0.0790624842954556,0.0006388078840479273,0.75,7,weak_capacity_control,-99.18276509195469,-6.7871588366287305,98.88264802583322,95.58095203871821,1,0,0.0026759910623900696,102.2725195939485
contextual_thompson,0,0,9,90,99,1.0,0.0790624842954556,0.0006388078840479273,0.75,7,weak_capacity_control,-99.18276509195469,-6.7871588366287305,98.88264802583322,95.58095203871821,1,0,0.0026759910623900696,102.2725195939485
discretized_contextual,0,0,9,90,99,1.0,0.07922955265896317,0.0006388078840479273,0.75,5,hard_capacity_control,-99.18101489470223,-6.777814869445895,99.09155042006678,95.7829179327021,1,0,0.0026759910623900696,102.48853779719289
linucb,0,0,10,100,109,1.0,0.08522709966162376,0.00026759910623900694,0.8333333333333334,5,hard_capacity_control,-99.11372185668733,-2.6923376446397276,106.67645771487601,103.05217870928469,1,0,0.0011209830599796225,110.38465418999613
contextual_thompson,0,0,10,100,109,1.0,0.08522709966162376,0.00026759910623900694,0.8333333333333334,5,hard_capacity_control,-99.11372185668733,-2.6923376446397276,106.67645771487601,103.05217870928469,1,0,0.0011209830599796225,110.38465418999613
discretized_contextual,0,0,10,100,109,1.0,0.08540711483099407,0.00026759910623900694,0.8333333333333334,1,baseline_laissez_faire,-99.11184024450964,-2.687856553621102,106.90171344527943,103.26983220907599,1,0,0.0011209830599796225,110.61768803938784
linucb,0,0,11,110,119,1.0,0.09198721182499678,0.00011209830599796225,0.9166666666666666,11,strong_marine_reserve,-99.04153804253184,-1.421031760977072,115.18595870749654,111.23686532457164,1,0,0.0004695841620782316,119.21912744772227
contextual_thompson,0,0,11,110,119,1.0,0.09198721182499678,0.00011209830599796225,0.9166666666666666,11,strong_marine_reserve,-99.04153804253184,-1.421031760977072,115.18595870749654,111.23686532457164,1,0,0.0004695841620782316,119.21912744772227
discretized_contextual,0,0,11,110,119,1.0,0.09218140669948988,0.00011209830599796225,0.9166666666666666,7,weak_capacity_control,-99.03924184768968,-1.0550775752890775,115.41758758627296,111.46915992233538,1,0,0.0004695841620782316,119.45171324341524
linucb,0,1,0,0,9,1.0,0.8333333333333334,0.1,0.0,5,hard_capacity_control,10.490521369403732,3448.0349987194627,845.0983644821124,685.0617923614428,0,,2.0946658360156425,685.0617923614428
contextual_thompson,0,1,0,0,9,1.0,0.8333333333333334,0.1,0.0,5,hard_capacity_control,10.490521369403732,3448.0349987194627,845.0983644821124,685.0617923614428,0,,2.0946658360156425,685.0617923614428
discretized_contextual,0,1,0,0,9,1.0,0.8333333333333334,0.1,0.0,7,weak_capacity_control,10.490521369403732,3448.0349987194627,845.0983644821124,685.0617923614428,0,,2.0946658360156425,685.0617923614428
linucb,0,1,1,10,19,1.0,0.570884826967869,0.20946658360156425,0.08333333333333333,5,hard_capacity_control,7.172915297017182,3721.5387171817497,414.165189580252,210.99693960739452,0,,2.433656061354898,210.99693960739452
contextual_thompson,0,1,1,10,19,1.0,0.570884826967869,0.20946658360156425,0.08333333333333333,5,hard_capacity_control,7.172915297017182,3721.5387171817497,414.165189580252,210.99693960739452,0,,2.433656061354898,210.99693960739452
discretized_contextual,0,1,1,10,19,1.0,0.570884826967869,0.20946658360156425,0.08333333333333333,5,hard_capacity_control,7.172915297017182,3721.5387171817497,414.165189580252,210.99693960739452,0,,2.433656061354898,210.99693960739452
linucb,0,1,2,20,29,1.0,0.1758307830061621,0.2433656061354898,0.16666666666666666,5,hard_capacity_control,-50.58587411208708,-1652.3190888752126,127.9733972145757,92.3055313030015,1,5,1.0194679858754725,92.3055313030015
contextual_thompson,0,1,2,20,29,1.0,0.1758307830061621,0.2433656061354898,0.16666666666666666,5,hard_capacity_control,-50.58587411208708,-1652.3190888752126,127.9733972145757,92.3055313030015,1,5,1.0194679858754725,92.3055313030015
discretized_contextual,0,1,2,20,29,1.0,0.1758307830061621,0.2433656061354898,0.16666666666666666,5,hard_capacity_control,-50.58587411208708,-1652.3190888752126,127.9733972145757,92.3055313030015,1,5,1.0194679858754725,92.3055313030015
linucb,0,1,3,30,39,1.0,0.07692127608583459,0.10194679858754725,0.25,7,weak_capacity_control,-100.55626119379933,-1199.919120068375,77.23895115228476,69.61524112997978,1,0,0.42705910285711063,69.61524112997978
contextual_thompson,0,1,3,30,39,1.0,0.07692127608583459,0.10194679858754725,0.25,7,weak_capacity_control,-100.55626119379933,-1199.919120068375,77.23895115228476,69.61524112997978,1,0,0.42705910285711063,69.61524112997978
discretized_contextual,0,1,3,30,39,1.0,0.07692127608583459,0.10194679858754725,0.25,5,hard_capacity_control,-100.55626119379933,-1199.919120068375,77.23895115228476,69.61524112997978,1,0,0.42705910285711063,69.61524112997978
linucb,0,1,4,40,49,1.0,0.058012700941649814,0.042705910285711066,0.3333333333333333,5,hard_capacity_control,-99.99275753515425,-544.7100541464667,66.23430227906685,64.81157573410937,1,0,0.17889671854334988,64.81157573410937
contextual_thompson,0,1,4,40,49,1.0,0.058012700941649814,0.042705910285711066,0.3333333333333333,5,hard_capacity_control,-99.99275753515425,-544.7100541464667,66.23430227906685,64.81157573410937,1,0,0.17889671854334988,64.81157573410937
discretized_contextual,0,1,4,40,49,1.0,0.058012700941649814,0.042705910285711066,0.3333333333333333,5,hard_capacity_control,-99.99275753515425,-544.7100541464667,66.23430227906685,64.81157573410937,1,0,0.17889671854334988,64.81157573410937
linucb,0,1,5,50,59,1.0,0.05400964644509114,0.017889671854334988,0.4166666666666667,11,strong_marine_reserve,-99.71197404468631,-262.73424069429916,66.091223520959,64.96751845301627,1,0,0.074940530927605,67.47117386730665
contextual_thompson,0,1,5,50,59,1.0,0.05400964644509114,0.017889671854334988,0.4166666666666667,11,strong_marine_reserve,-99.71197404468631,-262.73424069429916,66.091223520959,64.96751845301627,1,0,0.074940530927605,67.47117386730665
discretized_contextual,0,1,5,50,59,1.0,0.05400964644509114,0.017889671854334988,0.4166666666666667,7,weak_capacity_control,-99.6886091012348,-230.8885876618605,65.07353837124532,64.70802322165552,1,0,0.074940530927605,65.81291244353963
linucb,0,1,6,60,69,1.0,0.05622597822275554,0.0074940530927604995,0.5,1,baseline_laissez_faire,-99.51734957730199,-94.74963688104943,69.28800714948845,67.74273592749914,1,0,0.03139287976570931,71.03338484039924
contextual_thompson,0,1,6,60,69,1.0,0.05622597822275554,0.0074940530927604995,0.5,1,baseline_laissez_faire,-99.51734957730199,-94.74963688104943,69.28800714948845,67.74273592749914,1,0,0.03139287976570931,71.03338484039924
discretized_contextual,0,1,6,60,69,1.0,0.054844093702949695,0.0074940530927604995,0.5,1,baseline_laissez_faire,-99.53242042209965,-95.63170556904626,67.58535401632729,66.07784570581023,1,0,0.03139287976570931,69.28806030275011
linucb,0,1,7,70,79,1.0,0.059194487366999365,0.0031392879765709306,0.5833333333333334,4,high_taxation,-99.42514143905552,-38.788903452376346,73.63769572762186,71.47384572427126,1,0,0.013150599385749199,75.91981109655678
contextual_thompson,0,1,7,70,79,1.0,0.059194487366999365,0.0031392879765709306,0.5833333333333334,3,moderate_taxation,-99.42514143905552,-38.788903452376346,73.63769572762186,71.47384572427126,1,0,0.013150599385749199,75.91981109655678
discretized_contextual,0,1,7,70,79,1.0,0.05774005025229176,0.0031392879765709306,0.5833333333333334,11,strong_marine_reserve,-99.4451760432704,-45.38063502969419,72.02455101111848,69.76125227268118,1,0,0.013150599385749199,74.37764707785732
linucb,0,1,8,80,89,1.0,0.06326650924713065,0.00131505993857492,0.6666666666666666,10,moderate_marine_reserve,-99.35863289012244,-17.55542824639032,79.07070457487305,76.47214436910056,1,0,0.005508837210703079,81.74769594695007
contextual_thompson,0,1,8,80,89,1.0,0.06326650924713065,0.00131505993857492,0.6666666666666666,4,high_taxation,-99.35731626409735,-15.76916567214494,79.01434818897638,76.4596644813359,1,0,0.005508837210703079,81.65474319955
discretized_contextual,0,1,8,80,89,1.0,0.0619813725648811,0.00131505993857492,0.6666666666666666,4,high_taxation,-99.3708344670325,-15.91451089439991,77.40960526342867,74.90658217873882,1,0,0.005508837210703079,79.99661230533295
linucb,0,1,9,90,99,1.0,0.06812307995579173,0.0005508837210703079,0.75,3,moderate_taxation,-99.2962074030839,-6.371808314601684,85.2197286276842,82.3600267854566,1,0,0.002307673325286836,88.1534648366238
contextual_thompson,0,1,9,90,99,1.0,0.06804561933295833,0.0005508837210703079,0.75,10,moderate_marine_reserve,-99.2976130105706,-7.181961784182433,85.1482741456303,82.27200372192894,1,0,0.002307673325286836,88.09522815708037
discretized_contextual,0,1,9,90,99,1.0,0.06666384358777745,0.0005508837210703079,0.75,3,moderate_taxation,-99.31148589350451,-6.441023884615959,83.39461564561294,80.59588502475951,1,0,0.002307673325286836,86.26581207899426
linucb,0,1,10,100,109,1.0,0.0734612206971865,0.00023076733252868362,0.8333333333333334,7,weak_capacity_control,-99.23622904243894,-2.562376007054212,91.9600000281738,88.82765246181492,1,0,0.0009666933279302226,95.16391753584305
contextual_thompson,0,1,10,100,109,1.0,0.07341269013090031,0.00023076733252868362,0.8333333333333334,7,weak_capacity_control,-99.23673616373465,-2.563340759085224,91.89926124293343,88.76897253245708,1,0,0.0009666933279302226,95.10107325572542
discretized_contextual,0,1,10,100,109,1.0,0.07188817673249522,0.00023076733252868362,0.8333333333333334,10,moderate_marine_reserve,-99.25293006713972,-2.950873287754139,90.00249673776533,86.92811941798485,1,0,0.0009666933279302226,93.145488026451
linucb,0,1,11,110,119,1.0,0.07930326461320254,9.666933279302226e-05,0.9166666666666666,1,baseline_laissez_faire,-99.17352110539369,-1.024466557101126,99.30040333960963,95.89782297174857,1,0,0.0004049515934620661,102.7764553250707
contextual_thompson,0,1,11,110,119,1.0,0.07925089437977119,9.666933279302226e-05,0.9166666666666666,1,baseline_laissez_faire,-99.17406789238619,-1.0249104957656112,99.23484217314959,95.83449652591432,1,0,0.0004049515934620661,102.70861189822705
discretized_contextual,0,1,11,110,119,1.0,0.0776212400220425,9.666933279302226e-05,0.9166666666666666,7,weak_capacity_control,-99.19108276237091,-1.0386110001396287,97.19470183550874,93.86390564282569,1,0,0.0004049515934620661,100.5974394551586
